tf,lookback,entry,trades,is_ret,oos_ret,full_ret,oos_sharpe,full_dd,oos_bh
1h,10,0.0,3126,-0.9788410052938789,-0.8479321597453351,-0.9967634917966965,-10.05117284625156,-0.9967846182677306,-0.20250797394969577
1h,10,0.02,460,-0.18097072999593433,-0.0988319593304754,-0.2619169974994451,-0.8505600882008569,-0.48586229383610147,-0.20250797394969577
1h,10,0.05,50,-0.05960748660201021,0.06544990231717351,0.0019411115396894552,1.3092729750781362,-0.11230176327838093,-0.20250797394969577
1h,20,0.0,2351,-0.9533414669129081,-0.7945486290871443,-0.9904139404124741,-8.970465678395406,-0.9915720963953546,-0.20250797394969577
1h,20,0.02,434,-0.12448242928854925,-0.13943386264016688,-0.24655922598218227,-1.1763296630307876,-0.46606659573630693,-0.20250797394969577
1h,20,0.05,79,-0.040698678201745886,0.065660445620215,0.022289474071588877,1.036460781260661,-0.11615095110316631,-0.20250797394969577
1h,40,0.0,1916,-0.8857757195702881,-0.7280431994224676,-0.9689359301460647,-6.798532939797469,-0.9733878980987382,-0.20250797394969577
1h,40,0.02,442,-0.06073419411763459,-0.1908649237372566,-0.24000709052638514,-1.3674651801203626,-0.4966098112972922,-0.20250797394969577
1h,40,0.05,109,0.023086438874919457,-0.06319101407616545,-0.041563430685159664,-0.855360941799831,-0.1860853401263588,-0.20250797394969577
1h,60,0.0,2332,-0.9364720623728836,-0.7817229284211799,-0.9861333078113111,-8.110135504944243,-0.9880796682249497,-0.20250797394969577
1h,60,0.02,875,-0.40158563017609195,-0.47425167002861135,-0.6853846444341993,-4.267164708620361,-0.7553516001664371,-0.20250797394969577
1h,60,0.05,208,0.16915634446309458,-0.21527409792976837,-0.08253273293006369,-3.022158619182202,-0.32153618774412895,-0.20250797394969577
2h,10,0.0,1641,-0.7060810497642183,-0.5828377006074863,-0.8773880948846075,-6.864480066436504,-0.8893841378852333,-0.2051269834857783
2h,10,0.02,401,-0.10096117031377105,-0.10905059243909787,-0.19900188731680757,-1.3695615413455846,-0.3559023122892926,-0.2051269834857783
2h,10,0.05,77,-0.04119281043235601,0.03856864163296936,-0.004212919542807114,0.8604668976617589,-0.13521256704006068,-0.2051269834857783
2h,20,0.0,1232,-0.4960328124605783,-0.4236331704773939,-0.7095300299344789,-3.32928079575352,-0.7623088529846225,-0.2051269834857783
2h,20,0.02,357,0.14153188790992033,-0.09265032752806734,0.03576858461133314,-0.7478905092693058,-0.3286869140814158,-0.2051269834857783
2h,20,0.05,93,0.19921838681360615,-0.01936541992198082,0.1759950191748001,-0.3222265964162069,-0.08942983303912277,-0.2051269834857783
2h,40,0.0,974,-0.34829212255546427,-0.407981145264111,-0.6141766487729288,-3.395092357649635,-0.7336095175857753,-0.2051269834857783
2h,40,0.02,327,0.4308571796086642,-0.08468411549307975,0.3096863049565819,-0.6006233498548956,-0.375301446119206,-0.2051269834857783
2h,40,0.05,109,0.2290864536600996,-0.035845627001156566,0.18502907909002553,-0.41249537025439315,-0.20640388874077542,-0.2051269834857783
2h,60,0.0,1191,-0.5477748188386549,-0.3473437869781162,-0.7045826799899113,-2.7968952213767824,-0.7918705386084162,-0.2051269834857783
2h,60,0.02,562,-0.05668522324200398,-0.07646831741183002,-0.12881891701040404,-0.5362565557253486,-0.41565274821596265,-0.2051269834857783
2h,60,0.05,176,0.27392716403416917,0.0029612410347050755,0.2776995694275326,0.080882463908332,-0.14038549155425106,-0.2051269834857783
4h,10,0.0,800,-0.07672058482017963,-0.27872084734435765,-0.3340578057547021,-3.737888009743879,-0.4736096277881038,-0.2051269834857783
4h,10,0.02,305,0.16260426611372214,-0.002196145735494648,0.16005101771262842,0.02570311349183476,-0.16923374356070797,-0.2051269834857783
4h,10,0.05,83,0.1218876328359697,-0.007880167410828753,0.1130469704730841,-0.19122228590784418,-0.07910268695561218,-0.2051269834857783
4h,20,0.0,611,0.05265212130051622,-0.14657573833481907,-0.10164114058882046,-1.2338580932785728,-0.46998579212793823,-0.2051269834857783
4h,20,0.02,248,0.28096425767776356,0.06361597146854048,0.36245404334641207,0.6306310932973577,-0.20629635383141298,-0.2051269834857783
4h,20,0.05,90,0.16680035576891594,-0.02319637642743977,0.13973481550082933,-0.3544829135610525,-0.1634330358930265,-0.2051269834857783
4h,40,0.0,505,0.18893504458017274,-0.08541283140015465,0.08738473607171104,-0.7104181301195549,-0.31681627636907694,-0.2051269834857783
4h,40,0.02,226,0.19797391130610564,-0.10002528062327987,0.07814623464834414,-1.2181981365510992,-0.20055129846472897,-0.2051269834857783
4h,40,0.05,99,0.0614614480672957,-0.053933558776663726,0.004213054668795735,-0.7918017706920859,-0.2537554149212774,-0.2051269834857783
4h,60,0.0,651,-0.16060826840258957,-0.26697583239474854,-0.3847055746510776,-3.111694030591179,-0.5218396954452169,-0.2051269834857783
4h,60,0.02,418,0.01124212119738388,-0.16830558312825206,-0.15895557369459234,-2.065374667982995,-0.3298697686303046,-0.2051269834857783
4h,60,0.05,181,0.12133583218594168,-0.04730461801463137,0.06829146897826677,-0.6723583044383963,-0.20349318838819797,-0.2051269834857783
6h,10,0.0,536,0.1972164215174188,-0.09803383477764527,0.07984870465729643,-1.1651493102952923,-0.2935815893027499,-0.20096360377514288
6h,10,0.02,254,0.25120465226596944,-0.15327302166055545,0.05942873449741959,-3.1010924546159804,-0.21499778277340897,-0.20096360377514288
6h,10,0.05,91,0.16677550910873062,-0.016956761105510254,0.1469907755370139,-0.40089295340284575,-0.09669237293763644,-0.20096360377514288
6h,20,0.0,401,0.3049447640203511,-0.07689685437172122,0.20348843436213193,-0.8727820457842023,-0.2534996254254017,-0.20096360377514288
6h,20,0.02,194,0.3144960300933104,0.027893804259237598,0.35116232505627787,0.37500161176938157,-0.1465404155666159,-0.20096360377514288
6h,20,0.05,75,0.34203993841512226,-0.011731070475851313,0.32629637331616723,-0.2075882845315891,-0.10689715351302065,-0.20096360377514288
6h,40,0.0,341,0.19262665235627252,-0.09736026905934292,0.07651220059552233,-1.162472801600906,-0.17895162772290463,-0.20096360377514288
6h,40,0.02,187,0.2800020433455068,-0.07692011097230111,0.18154414412659836,-0.9943772700847379,-0.16679900747208942,-0.20096360377514288
6h,40,0.05,78,0.1519138033478964,-0.01796352517802946,0.1312213707385368,-0.25130153527609306,-0.1379575158333778,-0.20096360377514288
6h,60,0.0,410,0.044905810753365305,-0.00477944802983199,0.03991173773480017,-0.0058987863201732755,-0.21675969491565494,-0.20096360377514288
6h,60,0.02,279,0.18049268705342025,-0.029310716772227408,0.14589160025151182,-0.3874931572723601,-0.1726119864474649,-0.20096360377514288
6h,60,0.05,161,0.19075262588590336,-0.03844970846765172,0.14496853456349967,-0.587873380405462,-0.1353707131913633,-0.20096360377514288
12h,10,0.0,287,0.2424830922724539,-0.006051487752355755,0.23496422105705816,-0.0625030404352962,-0.12755105277770973,-0.20096360377514288
12h,10,0.02,164,0.19835605943815438,0.015531012503911867,0.21665365602358588,0.3023602388922658,-0.06951389810924047,-0.20096360377514288
12h,10,0.05,81,0.11766651713085463,0.002540148532830022,0.12050555609453784,0.09281933899512114,-0.09354552956964879,-0.20096360377514288
12h,20,0.0,193,0.1649810761341084,-0.023263757516669648,0.1378792388674157,-0.42599713154925317,-0.0919435794422443,-0.20096360377514288
12h,20,0.02,128,0.18411509195086584,-0.010705660684308005,0.1714383575652716,-0.18549985893220852,-0.07833521148294675,-0.20096360377514288
12h,20,0.05,67,0.12033192433603435,-0.02726741025693802,0.08978337413121884,-0.6690014976414403,-0.08969511139773556,-0.20096360377514288
12h,40,0.0,152,0.1974725321548707,-0.024525765403508926,0.16810360175409467,-0.42678326753795376,-0.1250797294296936,-0.20096360377514288
12h,40,0.02,89,0.16958951145823065,-0.01471332980772333,0.15238095523649164,-0.27089529097836856,-0.11017949614375289,-0.20096360377514288
12h,40,0.05,49,0.13760945923816692,-0.001303591935741144,0.13612648072108113,-0.0035745608989062017,-0.08008650541682838,-0.20096360377514288
12h,60,0.0,219,0.13542467952992188,-0.008974557804724892,0.1252347451105693,-0.13573923439380245,-0.0954674877817816,-0.20096360377514288
12h,60,0.02,172,0.11361640156425401,-0.0447916758116107,0.0637356567268954,-0.8649750983287202,-0.12777374465725255,-0.20096360377514288
12h,60,0.05,116,0.10614838275160343,-0.03997804195401666,0.061926736298592244,-0.8547666833993673,-0.10716659825916197,-0.20096360377514288
1d,10,0.0,133,0.11007304625562675,-0.02770475148648477,0.07931874837726949,-0.7476332279165316,-0.08294834419373742,-0.1749589385389121
1d,10,0.02,97,0.1363914260537784,-0.01928736339514292,0.1144734316603544,-0.5084349708093182,-0.05965989301000729,-0.1749589385389121
1d,10,0.05,57,0.09511942415130425,0.018518656797277044,0.11539956491919412,0.5794615443691594,-0.053322983456580486,-0.1749589385389121
1d,20,0.0,92,0.10092580746876711,0.020769549906021867,0.12379154096981693,0.47513257698094374,-0.06982672567372239,-0.1749589385389121
1d,20,0.02,61,0.10708833021218145,0.004699278995356604,0.11229084714835191,0.14794898437093487,-0.0695710515224498,-0.1749589385389121
1d,20,0.05,41,0.11288553997068274,-0.007232107443324032,0.10483703217349327,-0.19011714876963295,-0.07439270510636464,-0.1749589385389121
1d,40,0.0,90,0.13082909624918537,0.027375210116036053,0.1617857803643341,0.5258098995264008,-0.07922020999470325,-0.1749589385389121
1d,40,0.02,64,0.11830411189915391,0.03977299141904034,0.1627824117455967,0.7701560740057397,-0.07541157540615628,-0.1749589385389121
1d,40,0.05,36,0.15417135010587213,0.019513749847634765,0.17669356111314505,0.49295648859880725,-0.04837367954429794,-0.1749589385389121
1d,60,0.0,91,0.07967372467508405,0.04826705584262814,0.1317863966357946,0.9204546549987419,-0.0695190683194663,-0.1749589385389121
1d,60,0.02,80,0.06890714824678423,0.0493412662589543,0.1216483804545283,0.9424431388510106,-0.08022073275731867,-0.1749589385389121
1d,60,0.05,64,0.07903035468982988,0.023784113053703315,0.10469413463415034,0.5661983622621946,-0.05688310228898574,-0.1749589385389121
