trade_id,side,entry_time,exit_time,entry_price,exit_price,quantity,gross_pnl,fees,financing,net_pnl,return_pct,r_multiple,bars_held,exit_reason
1,1,2026-03-17 13:00:00+00:00,2026-03-17 15:00:00+00:00,73765.35140528911,74356.87615252592,0.08356485512630771,49.43067980646951,12.377812486854797,0.0,37.05286731961471,0.006010986340223665,0.37052867319614713,3,signal
2,1,2026-03-17 16:00:00+00:00,2026-03-17 17:00:00+00:00,73939.06943772049,74130.12112680473,0.07378374228752742,14.096508590988448,10.925098997335716,0.0,3.171409593652731,0.0005813232279846342,0.031597019917856156,2,signal
3,1,2026-03-18 11:00:00+00:00,2026-03-18 11:00:00+00:00,73972.03300797149,73012.24453126738,0.10744860504283725,-103.12793295804637,15.793255584820454,0.0,-118.92118854286683,-0.014962043210629071,-1.1844475308815272,1,stop_loss
4,1,2026-03-21 17:00:00+00:00,2026-03-21 18:00:00+00:00,70325.69675038068,70279.51519975193,0.1409355634520617,-6.508622858953223,19.8162747704885,0.0,-26.324897629441722,-0.002656024344015824,-0.2852474874130272,2,signal
5,1,2026-03-21 19:00:00+00:00,2026-03-21 20:00:00+00:00,70414.45393957225,70370.14111581439,0.14038443166975956,-6.22083057892995,19.763965364707694,0.0,-25.984795943637643,-0.00262868499941924,-0.2946763442722259,2,signal
6,1,2026-03-25 16:00:00+00:00,2026-03-26 02:00:00+00:00,70856.39749400235,71227.56098707308,0.09442426336698942,35.04683942192301,13.416173115841456,0.0,21.63066630608155,0.0032330113114916958,0.21917804015842887,11,signal
7,1,2026-03-28 13:00:00+00:00,2026-03-29 05:00:00+00:00,66478.39580404626,66710.66313949613,0.14863089276267125,34.52210142752091,19.79600873699875,0.0,14.726092690522158,0.001490383083225609,0.15334666900292654,17,signal
8,1,2026-04-03 07:00:00+00:00,2026-04-03 21:00:00+00:00,66820.15432681644,66807.3256654572,0.12846684830101998,-1.6480576927420525,17.166701201015,0.0,-18.814758893757052,-0.0021917959158728384,-0.18994541941105111,15,signal
9,1,2026-04-12 02:00:00+00:00,2026-04-12 09:00:00+00:00,71666.80269969918,71605.67680004984,0.1123946174600219,-6.870222107987435,16.10305552592312,0.0,-22.973277633910556,-0.002852064993126149,-0.23236934594661968,8,signal
10,1,2026-04-15 06:00:00+00:00,2026-04-15 07:00:00+00:00,74047.04090241891,73865.82400463663,0.10089356638528328,-18.283619106532324,14.923456454737448,0.0,-33.207075561269775,-0.00444487394335013,-0.3366641297178075,2,signal
11,1,2026-04-17 06:00:00+00:00,2026-04-17 07:00:00+00:00,74664.97288667815,74911.62870900241,0.1079729308976375,26.63215205931738,16.150224067993875,0.0,10.481927991323504,0.0013001976291603446,0.10662817311128892,2,signal
12,1,2026-04-19 18:00:00+00:00,2026-04-19 22:00:00+00:00,74816.27226387998,73939.40083930602,0.11562982819482587,-101.3924921724385,17.200592923927076,0.0,-118.59308509636557,-0.013708609994089418,-1.2051117751626101,5,stop_loss
13,1,2026-04-24 05:00:00+00:00,2026-04-24 15:00:00+00:00,77696.40021010984,78011.61224157496,0.10229637726150956,32.24504888812182,15.928365584397376,0.0,16.316683303724446,0.0020529138876716146,0.16782836860912442,11,signal
14,1,2026-04-25 19:00:00+00:00,2026-04-26 00:00:00+00:00,77338.51553105359,77599.78636455628,0.1257954289575302,32.866676574561545,19.490530148909556,0.0,13.376146425651985,0.0013748974993498327,0.22332267550924564,6,signal
15,1,2026-04-27 06:00:00+00:00,2026-04-27 14:00:00+00:00,77810.68388964573,77721.22355851768,0.10179052535623404,-9.106214104067032,15.831674568805724,0.0,-24.937888672872756,-0.003148568118533349,-0.25572242112922533,9,signal
16,1,2026-04-30 22:00:00+00:00,2026-05-01 12:00:00+00:00,76269.51059402883,77718.9483692816,0.12740715743983155,184.66874683086826,19.619231835055537,0.0,165.04951499581273,0.01698515312606288,1.7562028417289852,15,take_profit
17,1,2026-05-03 02:00:00+00:00,2026-05-03 12:00:00+00:00,78266.63331538302,78630.38063433039,0.12626282434631664,45.92776383869509,19.810260112794253,0.0,26.117503725900836,0.002642892586986983,0.4006262788006167,11,signal
18,1,2026-05-06 18:00:00+00:00,2026-05-07 01:00:00+00:00,81480.78462235477,80989.17484080727,0.10650863242261739,-52.36068551820519,17.304453192179473,0.0,-69.66513871038467,-0.00802741092936413,-0.7023994133942865,8,signal
19,1,2026-05-08 17:00:00+00:00,2026-05-10 09:00:00+00:00,79829.10351231418,80804.09217268888,0.11508553635820341,112.20709292238857,18.486557482340825,0.0,93.72053544004775,0.01020123524954877,0.951622366093876,41,signal
20,1,2026-05-10 21:00:00+00:00,2026-05-10 22:00:00+00:00,80760.75610452134,81940.55567713277,0.12298410058594801,145.09658930930274,20.009674493620636,0.0,125.08691481568212,0.012593966548721252,1.686078733767567,2,take_profit
21,1,2026-05-12 06:00:00+00:00,2026-05-12 07:00:00+00:00,81252.04938893359,80995.06193431964,0.12377842750620231,-31.80950302093592,20.08269230701604,0.0,-51.89219532795195,-0.005159679898416193,-0.5577427701959544,2,signal
22,1,2026-05-12 08:00:00+00:00,2026-05-12 09:00:00+00:00,80892.29112578924,80816.18847132608,0.12368805989790646,-9.412989683629066,20.001408110407382,0.0,-29.41439779403645,-0.00293984915930338,-0.3237036171596963,2,signal
23,1,2026-05-12 10:00:00+00:00,2026-05-12 11:00:00+00:00,80864.11492435244,80639.47293794961,0.12336777007448513,-27.71358092761976,19.924337493600888,0.0,-47.63791842122065,-0.004775240224002523,-0.5554239592176506,2,signal
24,1,2026-05-13 14:00:00+00:00,2026-05-13 15:00:00+00:00,79681.82727179948,78900.95799330417,0.12460099810844748,-97.29709149273967,19.759573326849512,0.0,-117.05666481958919,-0.01179004166854624,-1.2442619860782818,2,stop_loss
25,1,2026-05-19 05:00:00+00:00,2026-05-19 06:00:00+00:00,76954.89828602699,76884.63778160443,0.12040935222220586,-8.46002182432634,18.523718884068174,0.0,-26.983740708394514,-0.0029120958572027116,-0.27474694319758913,2,signal
26,1,2026-05-19 13:00:00+00:00,2026-05-19 14:00:00+00:00,76967.53863727236,76177.21264829315,0.12712552425853327,-100.47060568412583,19.4686067946202,0.0,-119.93921247874603,-0.01225803445152512,-1.232988168985297,2,stop_loss
27,1,2026-05-19 15:00:00+00:00,2026-05-19 21:00:00+00:00,76417.24089935157,76993.86297373468,0.11443377050486102,65.98503812799339,17.55541105351015,0.0,48.42962707448325,0.00553816083293858,0.5005964921638224,7,signal
28,1,2026-05-22 15:00:00+00:00,2026-05-22 16:00:00+00:00,76798.95565288197,76765.67861527464,0.12647438328193808,-4.208692808837085,19.42199241298148,0.0,-23.630685221818567,-0.0024328673519986395,-0.3096967242251223,2,signal
29,1,2026-05-25 21:00:00+00:00,2026-05-25 23:00:00+00:00,77299.10654983728,77090.52995110274,0.12535065290184624,-26.14521283142057,19.352841736671543,0.0,-45.498054568092115,-0.004695607121945976,-0.6332080353617422,3,signal
30,1,2026-05-29 13:00:00+00:00,2026-05-29 14:00:00+00:00,73320.84135751784,72592.02116771761,0.13153205410942168,-95.86321664084281,19.192218528929878,0.0,-115.05543516977268,-0.01193021023940795,-1.2410022490917452,2,stop_loss
31,1,2026-05-31 08:00:00+00:00,2026-05-31 14:00:00+00:00,73895.48480268643,73469.8100485545,0.12895375683040158,-54.892358733170475,19.003308397487356,0.0,-73.89566713065783,-0.007754736984448918,-1.4285142955567203,7,stop_loss
32,1,2026-06-05 04:00:00+00:00,2026-06-05 06:00:00+00:00,62751.48464073432,61263.06082509802,0.06449872519299577,-96.00143865543583,7.998780087935,0.0,-104.00021874337082,-0.025695620913731135,-1.0988182110158258,3,stop_loss
33,1,2026-06-06 15:00:00+00:00,2026-06-06 22:00:00+00:00,60813.898040978755,60728.85614787121,0.06312721421956152,-5.368457803837195,7.67265548051504,0.0,-13.041113284352235,-0.0033969972975123647,-0.13931721435424382,8,signal
34,1,2026-06-17 02:00:00+00:00,2026-06-17 03:00:00+00:00,65962.54446516468,65882.12307489458,0.13025271884944273,-10.475104736332808,17.173126412893588,0.0,-27.648231149226397,-0.003217978620006993,-0.2957760025842027,2,signal
35,1,2026-06-17 04:00:00+00:00,2026-06-17 05:00:00+00:00,65874.44945035398,65869.35749269053,0.1327452276779499,-0.6759330793608639,17.48836164781432,0.0,-18.164294727175182,-0.0020772206181338647,-0.19489494087671072,2,signal
36,1,2026-06-17 20:00:00+00:00,2026-06-18 07:00:00+00:00,64322.91737521378,64062.461120556276,0.0788064951757972,-20.525644576172752,10.117601711069799,0.0,-30.64324628724255,-0.00604514920996276,-0.32943067896576506,12,signal
37,1,2026-06-24 16:00:00+00:00,2026-06-24 17:00:00+00:00,60269.37069914125,59312.216220642054,0.09882601946277828,-94.59176712104663,11.817772236324416,0.0,-106.40953935737105,-0.017865394194904346,-1.1477383516173212,2,stop_loss
38,1,2026-06-24 18:00:00+00:00,2026-06-25 01:00:00+00:00,59423.10193047763,60810.849012503124,0.08444096397481281,117.18270135946656,10.152670720125649,0.0,107.03003063934091,0.021330309086951563,1.1678346866734033,8,signal
39,1,2026-06-27 20:00:00+00:00,2026-06-28 05:00:00+00:00,60197.11959663186,60111.05969254102,0.13339790795922435,-11.4802111648898,16.048859427558945,0.0,-27.529070592448747,-0.0034282052822932983,-0.2969099933620186,10,signal
40,1,2026-06-30 02:00:00+00:00,2026-06-30 07:00:00+00:00,59961.823084057556,59571.709894338885,0.10286153337134421,-40.12764088284866,12.295402491452,0.0,-52.42304337430066,-0.008499520136047548,-0.5670833255727333,6,signal
41,1,2026-07-01 11:00:00+00:00,2026-07-01 15:00:00+00:00,58680.95714056855,60283.90062450416,0.11331858566478942,181.64328850017353,13.48092942575088,0.0,168.16235907442265,0.025288930148424642,1.8294614394825115,5,take_profit
42,1,2026-07-05 03:00:00+00:00,2026-07-05 07:00:00+00:00,62715.344546014785,62760.47581622137,0.1490977494346453,6.728970816928579,18.708162424475255,0.0,-11.979191607546674,-0.0012810987603951117,-0.14916297084843042,5,signal
43,1,2026-07-06 07:00:00+00:00,2026-07-06 12:00:00+00:00,62997.27283074476,62462.53267948175,0.14824053618220084,-79.27016674137971,18.598228838150614,0.0,-97.86839557953031,-0.010479818047790737,-1.0709139356568889,6,signal
44,1,2026-07-07 07:00:00+00:00,2026-07-07 11:00:00+00:00,63361.40671189516,63262.14852434858,0.10730390352043899,-10.650790980111502,13.587201754484875,0.0,-24.23799273459638,-0.003564973609407168,-0.2620261259834615,5,signal
45,1,2026-07-13 04:00:00+00:00,2026-07-13 09:00:00+00:00,62827.0445513162,63186.66479841621,0.14670059946887468,52.756505830716925,18.486286702902284,0.0,34.27021912781464,0.0037182480796064733,0.3819321574600609,6,signal
46,1,2026-07-24 11:00:00+00:00,2026-07-24 13:00:00+00:00,64971.47541120576,64388.36344359646,0.14238557802682916,-83.02673456241192,18.41897542879849,0.0,-101.44570999121039,-0.010965916995956369,-1.2690524225913202,3,stop_loss
47,1,2026-07-26 08:00:00+00:00,2026-07-26 16:00:00+00:00,64390.80223070108,64892.89748124459,0.14209570931067506,71.34558076750048,18.370659012877237,0.0,52.974921754623246,0.005789826153987652,1.4255605057232734,9,take_profit
48,1,2026-08-01 16:00:00+00:00,2026-08-01 17:00:00+00:00,63028.229259025844,62703.69121647196,0.14600725459048014,-47.38490860346079,18.35777252301601,0.0,-65.7426811264768,-0.0071439411883033365,-1.4805643566411557,2,stop_loss
49,1,2026-08-07 03:00:00+00:00,2026-08-07 04:00:00+00:00,64421.24221464277,64267.92029546,0.1418305732330413,-21.745735686882846,18.252057687687884,0.0,-39.99779337457073,-0.004377610117377965,-0.6598831042149377,2,signal
50,1,2026-08-08 23:00:00+00:00,2026-08-09 03:00:00+00:00,64971.06378986451,64738.77928174858,0.14001531367210698,-32.5233882650223,18.16136436403168,0.0,-50.684752629053975,-0.005571624198094307,-1.7100446565565237,5,stop_loss
51,1,2026-08-11 18:00:00+00:00,2026-08-12 01:00:00+00:00,63628.87879574094,63720.34418107193,0.1421730184289108,13.003909914270801,18.10562342518989,0.0,-5.101713510919087,-0.0005639552090963616,-0.07996117557531181,8,signal
52,1,2026-08-12 15:00:00+00:00,2026-08-13 01:00:00+00:00,63383.789783498156,63535.81715375811,0.14264235653352567,21.68554235147433,18.104111823839048,0.0,3.5814305276352805,0.00039612278483909844,0.04999770887492993,11,signal
53,1,2026-08-15 09:00:00+00:00,2026-08-15 16:00:00+00:00,62956.86708711659,63079.986733428654,0.143666472172178,17.688165240740688,18.10727015207823,0.0,-0.41910491133754313,-4.633660541658687e-05,-0.00914825661419191,8,signal
54,1,2026-08-16 22:00:00+00:00,2026-08-16 22:00:00+00:00,62949.5574860538,62725.38655134924,0.14367650335266252,-32.20809605164944,18.056536518335612,0.0,-50.264632569985054,-0.005557558983944748,-1.712558545074991,1,stop_loss
55,1,2026-08-16 23:00:00+00:00,2026-08-17 02:00:00+00:00,62933.56708673217,63360.75552409148,0.1429151135934574,61.05168405101777,18.04936746213462,0.0,43.002316588883154,0.004781138725758398,1.345133055851651,4,take_profit
56,1,2026-08-19 06:00:00+00:00,2026-08-19 07:00:00+00:00,64257.34460119683,64319.059393486976,0.14063944444578136,8.679534101772392,18.082914026648673,0.0,-9.403379924876281,-0.0010405287071774867,-0.18911052236268633,2,signal
57,1,2026-08-19 08:00:00+00:00,2026-08-19 09:00:00+00:00,64316.590788934474,64392.90839119678,0.14036383380394774,10.712231240262435,18.066158751909292,0.0,-7.353927511646857,-0.0008145938128119319,-0.15134273821777391,2,signal
58,1,2026-08-24 02:00:00+00:00,2026-08-24 11:00:00+00:00,76947.73059373604,77591.62563899116,0.0922544745417072,59.402199060020024,14.25694710526395,0.0,45.14525195475608,0.006359585724575362,0.4999808035281962,10,signal
59,1,2026-08-25 10:00:00+00:00,2026-08-25 16:00:00+00:00,79213.34052421633,79475.0311065597,0.061363246690615166,16.058183760947394,9.737633695311327,0.0,6.320550065636066,0.0013003139374119978,0.06965144743484764,7,signal
60,1,2026-09-01 02:00:00+00:00,2026-09-01 13:00:00+00:00,78437.51529278913,77527.68925048535,0.1027892930241901,-93.52037566340307,16.031553111376386,0.0,-109.55192877477947,-0.013587774203054601,-1.2064043966594802,12,stop_loss
61,1,2026-09-02 23:00:00+00:00,2026-09-03 12:00:00+00:00,77062.1184377806,78698.77418069255,0.10785042657300944,176.51402002621862,16.79887871229505,0.0,159.71514131392357,0.019216897748394142,1.7802876588725323,14,take_profit
62,1,2026-09-07 04:00:00+00:00,2026-09-07 13:00:00+00:00,79622.81909820547,79580.1052687248,0.11456394372604992,-4.893464756946948,18.23891486819558,0.0,-23.132379625142526,-0.0025359156600390405,-0.32422970653048305,10,signal
63,1,2026-09-10 23:00:00+00:00,2026-09-11 00:00:00+00:00,76863.68788123233,76543.38942143848,0.11668151541597935,-37.37290967415037,17.89977025521192,0.0,-55.27267992936229,-0.006162930118946103,-0.6068656684461897,2,signal
